start,end,time_inst,p1_1,p1_2,p1_3,p2_1,p2_2,p2_3,p3_1,p3_2,p3_3,p5_1,p5_2,p5_3,p6_1,p6_2,p6_3,p7_1,p7_2,p7_3,p8_1,p8_2,p8_3,p9_1,p9_2,p9_3,p10_1,p10_2,p10_3,p11_1,p11_2,p11_3,p12_1,p12_2,p12_3,p13_1,p13_2,p13_3,p14_1,p14_2,p14_3,p15_1,p15_2,p15_3,p16_1,p16_2,p16_3,p17_1,p17_2,p17_3,p18_1,p18_2,p18_3,p19_1,p19_2,p19_3,p20_1,p20_2,p20_3,p21_1,p21_2,p21_3,p22_1,p22_2,p22_3,p23_1,p23_2,p23_3,p24_1,p24_2,p24_3,p25_1,p25_2,p25_3,p26_1,p26_2,p26_3,p27_1,p27_2,p27_3,p28_1,p28_2,p28_3,p29_1,p29_2,p29_3,p30_1,p30_2,p30_3,p31_1,p31_2,p31_3,p32_1,p32_2,p32_3,p33_1,p33_2,p33_3,p34_1,p34_2,p34_3,p35_1,p35_2,p35_3,p36_1,p36_2,p36_3,p37_1,p37_2,p37_3,p38_1,p38_2,p38_3,p39_1,p39_2,p39_3,p40_1,p40_2,p40_3
5/24/17 20:50,5/24/17 20:52,30.012,,,,44,64,54,,,,,,,,,,,,,,,,,,,,,,,,,53,35,46,,,,,,,,,,68,52,39,,,,,,,,,,,,,29,75,57,,,,,,,39,68,53,34,69,55,,,,,,,,,,,,,35,62,51,,,,,,,63,30,48,40,61,50,,,,,,,,,,,,,,,,66,43,31
5/24/17 20:50,5/24/17 20:54,22.675,100,100,73,,,,100,82,60,,,,,,,40,70,20,100,100,100,,,,61,72,38,,,,83,100,49,,,,,,,20,100,18,,,,,,,,,,,,,,,,,,,71,83,70,,,,,,,,,,,,,,,,,,,,,,,,,,,,100,100,20,,,,,,,,,,61,100,51,,,,,,,,,,,,
5/24/17 20:50,5/24/17 20:55,45.047,,,,,,,,,,83,79,11,,,,,,,,,,87,100,2,,,,,,,,,,,,,,,,1,54,1,,,,7,8,76,,,,,,,,,,,,,,,,6,7,6,,,,,,,,,,,,,20,83,11,,,,,,,,,,9,86,8,,,,,,,,,,50,80,65,100,99,4,,,,1,3,23,,,
5/24/17 20:50,5/24/17 20:56,31.14,32,26,7,,,,100,77,27,,,,,,,,,,100,49,94,,,,51,49,26,,,,,,,,,,,,,,,,,,,,,,,,,,,,,,,,,,67,58,49,,,,,,,,,,,,,76,68,1,,,,,,,,,,,,,,,,,,,,,,71,72,15,,,,59,46,6,38,55,27,5,6,1,,,
5/24/17 20:53,5/24/17 20:56,64.194,,,,,,,,,,,,,,,,0,0,0,,,,,,,,,,62,58,65,,,,,,,41,35,31,,,,,,,65,61,65,,,,,,,51,54,48,,,,,,,,,,,,,,,,43,42,49,,,,,,,,,,75,64,70,,,,,,,43,62,46,,,,66,96,70,,,,,,,62,48,54,,,,,,
5/24/17 20:52,5/24/17 20:59,21.627,,,,,,,,,,8,51,20,,,,,,,,,,50,60,61,,,,,,,,,,,,,,,,,,,,,,,,,,,,,,,,,,,,,78,29,84,10,16,20,,,,14,61,20,,,,16,71,17,,,,20,21,14,,,,13,27,20,,,,,,,,,,,,,29,83,20,,,,,,,8,8,17,,,
5/24/17 21:02,5/24/17 21:03,22.015,47,57,49,64,48,57,64,50,41,,,,60,52,58,,,,54,45,57,,,,,,,,,,,,,64,59,60,,,,56,48,57,,,,,,,,,,,,,,,,45,52,48,,,,,,,,,,,,,,,,,,,,,,,,,,,,,,,40,34,42,,,,54,64,61,,,,,,,,,,,,,,,,,,
5/24/17 21:24,5/24/17 21:27,27.806,,,,98,99,98,,,,,,,,,,,,,,,,,,,,,,51,51,53,37,49,37,,,,,,,,,,,,,,,,,,,99,100,99,,,,66,56,48,1,1,1,,,,,,,67,51,78,51,51,51,,,,,,,,,,45,34,30,5,7,6,,,,,,,,,,,,,,,,,,,,,,,,,,,
5/24/17 21:23,5/24/17 21:27,198.023,74,59,82,,,,25,55,42,,,,,,,,,,,,,,,,,,,,,,50,77,62,,,,54,63,44,,,,,,,,,,26,37,19,86,48,67,,,,,,,44,71,57,,,,,,,43,58,53,,,,,,,,,,,,,,,,,,,,,,,,,48,77,64,,,,,,,,,,,,,62,93,75,,,
5/24/17 21:25,5/24/17 21:31,75.657,,,,,,,,,,,,,62,79,69,,,,,,,,,,,,,,,,,,,,,,,,,,,,54,62,25,,,,,,,,,,,,,,,,,,,20,33,70,30,65,60,,,,10,11,3,,,,,,,52,43,41,85,55,75,,,,,,,,,,,,,30,50,31,42,70,19,,,,,,,,,,34,61,71
5/24/17 21:27,5/24/17 21:31,177.853,16,80,49,,,,,,,,,,,,,19,67,40,53,70,57,,,,,,,79,37,53,38,18,39,,,,,,,,,,70,39,51,,,,,,,,,,,,,,,,15,62,42,,,,,,,,,,,,,,,,,,,65,38,88,,,,,,,,,,,,,,,,,,,,,,36,65,25,38,64,17,,,,,,
5/24/17 21:26,5/24/17 21:32,27.735,,,,,,,,,,,,,,,,,,,63,71,61,,,,,,,,,,,,,,,,,,,,,,,,,73,65,65,,,,,,,,,,64,60,71,,,,,,,,,,,,,,,,61,71,72,,,,77,67,74,,,,69,54,64,60,73,58,,,,,,,,,,,,,70,64,67,68,42,58,62,54,63,,,
5/24/17 21:28,5/24/17 21:32,23.306,,,,82,92,5,,,,,,,,,,,,,,,,,,,79,91,8,,,,,,,12,11,4,,,,8,28,5,,,,,,,,,,,,,19,78,4,,,,,,,,,,,,,,,,18,8,3,,,,,,,,,,91,74,70,,,,,,,,,,73,58,29,24,11,7,,,,,,,,,,,,,90,51,75
5/24/17 21:27,5/24/17 21:36,150.4,,,,,,,100,100,100,82,96,91,100,100,100,,,,,,,,,,,,,,,,,,,,,,,,,,,,,,,,,,0,5,0,,,,,,,9,66,3,,,,,,,18,49,37,,,,,,,61,66,46,29,84,67,,,,,,,,,,84,96,100,,,,,,,,,,71,73,64,,,,,,,,,,,,
5/24/17 21:43,5/24/17 21:52,34.781,,,,,,,,,,68,98,46,,,,,,,,,,9,89,20,91,71,56,,,,,,,35,71,33,,,,,,,,,,,,,,,,2,42,31,0,9,0,,,,51,44,5,,,,,,,,,,,,,,,,,,,35,47,5,,,,,,,99,99,71,,,,,,,,,,,,,100,100,56,,,,,,,,,
5/24/17 21:47,5/24/17 21:53,22.697,,,,,,,,,,,,,,,,,,,,,,,,,,,,,,,,,,,,,,,,43,53,30,76,81,56,,,,14,21,12,,,,,,,,,,,,,7,13,55,,,,14,7,11,20,43,53,,,,,,,,,,,,,,,,,,,,,,,,,90,52,39,58,96,14,,,,86,88,89,25,57,6,,,
5/24/17 21:56,5/24/17 21:59,22.757,84,85,87,,,,89,75,74,,,,66,68,62,,,,70,70,64,,,,,,,52,57,56,69,57,68,,,,,,,,,,,,,,,,,,,,,,,,,58,59,58,,,,,,,,,,,,,,,,36,59,37,,,,,,,,,,,,,,,,,,,45,44,35,,,,,,,,,,,,,,,,58,57,57
5/24/17 21:56,5/24/17 21:59,23.347,,,,87,100,10,,,,,,,94,100,9,,,,,,,,,,,,,,,,,,,,,,,,,,,,73,72,18,83,100,0,0,100,0,,,,1,100,1,,,,,,,,,,,,,,,,,,,,,,0,100,1,59,82,26,,,,0,100,0,,,,,,,,,,,,,88,100,0,,,,,,,,,,,,
5/24/17 21:59,5/24/17 22:00,38.876,,,,,,,50,11,36,46,51,48,,,,,,,,,,,,,,,,,,,,,,,,,52,34,61,37,53,45,,,,,,,45,53,27,,,,33,33,39,35,50,50,38,26,72,,,,,,,,,,,,,,,,,,,,,,42,30,48,,,,,,,,,,,,,,,,,,,,,,,,,45,29,55,,,
5/24/17 21:56,5/24/17 22:02,21.921,93,87,81,,,,92,95,31,,,,,,,,,,,,,,,,,,,,,,,,,,,,32,68,6,,,,,,,,,,,,,72,59,59,,,,,,,67,65,87,,,,,,,,,,15,52,3,56,63,10,,,,,,,70,62,67,,,,,,,,,,40,8,7,,,,,,,92,92,85,,,,,,,,,
5/24/17 21:56,5/24/17 22:03,74.88,100,100,100,100,100,100,,,,,,,,,,100,100,100,,,,,,,100,100,100,,,,,,,,,,,,,,,,,,,,,,,,,100,100,100,,,,,,,,,,100,100,100,,,,,,,,,,,,,,,,100,100,100,,,,,,,,,,100,100,100,,,,100,100,100,,,,,,,,,,,,,100,100,100
5/24/17 21:56,5/24/17 22:06,76.057,,,,,,,,,,,,,,,,,,,23,77,31,,,,67,87,6,62,73,28,,,,,,,,,,,,,30,78,28,,,,,,,,,,,,,,,,,,,,,,,,,,,,11,23,3,11,9,14,,,,,,,,,,,,,,,,,,,8,80,3,51,82,14,,,,,,,64,93,39,5,12,6,,,
5/24/17 21:56,5/24/17 22:14,64.741,,,,,,,,,,60,100,60,,,,80,100,80,,,,,,,,,,,,,60,100,60,,,,,,,30,100,30,,,,,,,,,,,,,,,,70,90,70,,,,,,,30,100,30,30,80,30,,,,,,,,,,,,,,,,,,,90,100,90,,,,,,,,,,,,,,,,100,100,100,,,,100,100,100
5/24/17 22:09,5/24/17 22:20,54.503,,,,,,,,,,,,,,,,,,,,,,,,,72,64,13,28,47,66,30,50,36,,,,,,,9,71,9,,,,,,,,,,,,,,,,,,,,,,,,,,,,,,,,,,,,,31,70,44,42,47,51,65,74,52,21,58,80,,,,,,,,,,,,,,,,88,62,2,,,,41,0,44,,,
5/24/17 22:23,5/24/17 22:33,268.456,,,,,,,48,54,37,,,,82,79,68,,,,,,,,,,,,,,,,,,,,,,,,,,,,,,,,,,,,,75,48,67,,,,66,51,58,,,,,,,,,,49,61,51,32,50,28,52,40,34,68,70,56,,,,,,,,,,75,64,64,,,,,,,,,,,,,,,,,,,,,,85,63,66
5/24/17 22:37,5/24/17 22:39,22.255,,,,,,,,,,,,,,,,,,,,,,37,34,21,,,,,,,15,14,12,,,,,,,,,,,,,,,,21,0,1,,,,,,,,,,,,,,,,62,53,75,29,83,20,,,,,,,,,,,,,34,1,1,,,,,,,34,48,1,10,22,2,66,43,36,,,,37,23,32,,,,,,,,,
5/24/17 22:36,5/24/17 22:40,26.487,,,,100,98,36,,,,38,62,26,,,,92,98,44,,,,,,,97,99,57,,,,,,,,,,,,,28,63,42,,,,,,,,,,23,42,30,,,,,,,31,36,20,,,,,,,,,,,,,,,,30,65,78,,,,,,,,,,,,,,,,,,,,,,,,,,,,99,97,67,,,,62,74,79
5/24/17 22:36,5/24/17 22:40,35.254,,,,100,100,1,,,,,,,,,,1,52,2,100,0,0,,,,,,,1,100,1,,,,,,,,,,,,,,,,,,,,,,,,,1,1,1,,,,3,5,4,,,,,,,,,,1,1,1,1,100,1,,,,1,0,1,,,,,,,,,,,,,,,,,,,,,,,,,,,,100,1,1,,,
5/24/17 22:36,5/24/17 22:41,34.416,100,100,1,,,,,,,,,,,,,,,,100,100,17,44,45,44,,,,,,,,,,6,5,43,,,,,,,,,,1,1,56,,,,,,,,,,,,,,,,15,13,51,4,4,4,,,,,,,,,,,,,,,,,,,,,,,,,,,,43,43,3,1,1,21,65,100,1,,,,,,,,,,,,
5/24/17 22:36,5/24/17 22:41,30.775,85,86,5,,,,,,,11,53,10,,,,,,,,,,,,,,,,,,,,,,,,,7,81,6,,,,20,82,8,,,,5,46,6,,,,19,85,17,,,,,,,13,84,8,,,,,,,,,,,,,,,,,,,,,,,,,,,,18,31,16,,,,,,,80,81,22,,,,82,23,84,,,,,,
5/24/17 22:36,5/24/17 22:44,43.459,,,,,,,61,82,98,,,,80,85,72,,,,,,,,,,,,,,,,,,,51,21,69,75,81,75,,,,82,62,74,61,40,52,,,,,,,,,,61,50,80,,,,,,,,,,,,,,,,,,,,,,,,,,,,92,72,61,81,70,68,,,,50,71,39,,,,,,,,,,,,,,,,,,
5/24/17 22:39,5/24/17 22:48,83.014,,,,,,,,,,,,,,,,0,100,0,100,100,100,,,,,,,,,,,,,,,,15,100,2,,,,,,,10,100,0,,,,,,,,,,,,,93,100,0,,,,,,,,,,,,,,,,,,,2,100,0,100,100,48,10,100,30,,,,,,,,,,,,,90,66,0,,,,,,,,,,50,100,0
5/24/17 22:55,5/24/17 22:57,22.5,1,1,1,,,,,,,21,86,20,,,,,,,,,,,,,1,1,1,,,,,,,,,,,,,,,,,,,,,,1,1,1,,,,,,,1,1,20,,,,,,,1,1,6,1,1,3,1,1,4,1,1,1,,,,,,,,,,,,,,,,1,3,19,,,,,,,,,,,,,,,,,,,,,
5/24/17 22:54,5/24/17 22:58,22.369,,,,100,90,78,,,,,,,,,,,,,,,,,,,,,,11,25,41,51,65,79,,,,,,,,,,71,54,30,,,,,,,,,,70,20,29,,,,,,,37,0,100,,,,,,,,,,,,,,,,,,,,,,,,,100,55,79,,,,,,,45,16,64,,,,,,,62,83,100,72,62,27,,,
5/24/17 23:08,5/24/17 23:12,28.453,,,,,,,,,,,,,,,,,,,,,,,,,81,72,100,,,,48,65,38,,,,,,,49,73,62,,,,,,,1,5,0,,,,0,13,0,,,,,,,,,,,,,10,100,29,,,,,,,41,52,28,,,,,,,,,,,,,,,,,,,,,,70,96,59,,,,75,93,100,0,0,0,,,
5/24/17 23:08,5/24/17 23:13,29.891,,,,,,,22,20,24,,,,,,,,,,,,,74,75,74,,,,,,,,,,,,,32,63,48,,,,60,84,55,92,91,91,,,,,,,,,,,,,65,80,67,,,,,,,,,,,,,8,8,8,,,,,,,91,91,91,,,,,,,,,,,,,,,,,,,91,92,92,,,,,,,80,80,66
5/24/17 23:12,5/24/17 23:13,23.085,,,,,,,,,,,,,78,69,64,78,67,74,,,,,,,,,,66,64,64,,,,60,77,64,,,,,,,,,,,,,,,,,,,,,,76,57,64,,,,75,57,69,71,64,55,,,,,,,,,,,,,,,,,,,62,49,53,,,,65,64,63,,,,78,72,86,,,,,,,,,,,,,,,
5/24/17 23:13,5/24/17 23:16,22.426,,,,100,100,28,,,,8,90,16,,,,,,,17,58,57,,,,,,,,,,51,100,97,,,,,,,,,,,,,,,,,,,46,85,85,,,,,,,,,,26,51,51,,,,,,,42,82,82,,,,,,,50,39,49,,,,,,,,,,,,,9,68,16,,,,,,,,,,15,65,65,,,,,,
5/24/17 23:14,5/24/17 23:18,22.635,,,,90,100,50,,,,,,,,,,,,,75,50,75,,,,100,50,100,,,,,,,,,,,,,,,,,,,100,50,100,,,,0,0,0,,,,0,0,0,,,,,,,20,80,0,,,,,,,,,,75,100,50,,,,,,,,,,,,,,,,,,,70,30,60,,,,,,,,,,0,0,0,,,
5/24/17 23:14,5/24/17 23:20,58.973,,,,,,,96,96,100,67,85,73,,,,60,70,55,,,,100,100,100,,,,,,,,,,,,,,,,,,,,,,,,,16,21,16,,,,,,,,,,,,,,,,,,,20,30,30,,,,25,50,50,,,,20,22,20,,,,,,,92,95,95,,,,36,53,21,,,,,,,,,,,,,,,,,,
5/24/17 23:19,5/24/17 23:21,22.461,,,,,,,,,,,,,,,,,,,,,,,,,,,,,,,,,,48,48,48,50,50,49,49,51,49,48,49,54,,,,,,,,,,48,48,47,,,,,,,,,,,,,,,,35,38,36,,,,,,,,,,49,49,48,55,53,53,,,,50,49,50,,,,,,,53,56,56,,,,,,,,,,,,
5/24/17 23:43,5/24/17 23:46,24.274,77,72,12,,,,,,,,,,71,56,84,,,,94,89,96,,,,,,,90,92,90,,,,,,,,,,,,,,,,,,,,,,,,,,,,,,,33,40,49,,,,77,79,91,73,81,95,,,,2,25,33,,,,,,,,,,,,,,,,,,,,,,,,,,,,80,60,97,,,,,,,78,83,80
5/24/17 23:49,5/24/17 23:53,22.703,,,,,,,,,,,,,,,,,,,,,,,,,11,64,4,,,,,,,6,47,3,60,92,21,,,,,,,59,81,34,2,2,3,,,,10,4,2,3,13,1,,,,,,,,,,,,,,,,,,,,,,,,,,,,,,,,,,,,,,,,,,,48,74,62,,,,,,,4,2,39,43,63,79
5/24/17 23:49,5/24/17 23:53,27.451,,,,70,80,50,70,80,5,82,91,10,,,,,,,,,,,,,,,,,,,30,40,70,,,,,,,,,,,,,,,,,,,,,,,,,,,,,,,20,10,80,,,,,,,20,30,30,,,,,,,30,20,40,,,,20,50,10,50,71,31,,,,,,,,,,,,,80,80,50,,,,,,,,,
5/24/17 23:50,5/24/17 23:54,64.443,,,,,,,85,100,2,100,100,14,,,,100,100,69,100,100,49,,,,,,,,,,100,100,80,92,5,100,,,,,,,,,,,,,,,,,,,39,73,2,,,,93,95,71,,,,,,,,,,,,,,,,50,84,27,,,,,,,25,69,83,,,,,,,,,,,,,,,,,,,,,,,,,,,
5/24/17 23:50,5/24/17 23:55,34.063,37,48,31,,,,,,,,,,91,86,93,,,,,,,88,79,94,,,,,,,,,,,,,,,,5,13,1,,,,,,,,,,33,63,45,,,,,,,53,57,63,,,,,,,,,,,,,,,,,,,,,,82,81,79,,,,,,,,,,7,25,12,22,26,17,,,,,,,72,75,53,,,,,,
5/24/17 23:52,5/24/17 23:55,21.258,,,,,,,,,,,,,,,,79,93,59,,,,,,,,,,70,81,70,,,,,,,,,,,,,57,78,73,,,,,,,,,,,,,,,,,,,5,6,5,,,,,,,20,15,22,,,,26,21,14,,,,,,,,,,90,93,95,50,28,25,,,,,,,,,,98,94,96,,,,40,29,36,,,
5/24/17 23:50,5/24/17 23:57,207.859,,,,75,55,76,,,,,,,,,,,,,,,,,,,0,75,79,,,,,,,,,,67,39,59,,,,,,,14,60,100,56,6,0,,,,,,,28,9,24,,,,,,,53,75,50,,,,,,,64,79,74,,,,87,38,97,,,,,,,,,,,,,,,,,,,,,,,,,,,,,,,51,85,14
5/24/17 23:50,5/24/17 23:57,21.199,50,70,5,,,,,,,,,,90,100,20,,,,,,,60,70,30,,,,30,20,20,,,,,,,,,,35,80,10,50,60,30,,,,,,,45,40,70,,,,,,,,,,,,,,,,,,,,,,,,,,,,,,,,,,,,,,,,50,70,20,40,40,15,,,,,,,,,,70,50,40,,,,,,
5/25/17 0:13,5/25/17 0:15,37.465,37,46,50,,,,,,,43,56,52,,,,48,62,46,,,,,,,,,,,,,44,52,56,62,53,51,59,52,63,,,,,,,,,,,,,55,54,51,57,52,51,,,,,,,61,53,50,,,,,,,,,,,,,,,,,,,,,,,,,,,,,,,,,,,,,,,,,,,,,,,,,52,52,60
5/25/17 0:13,5/25/17 0:17,21.385,,,,99,84,92,100,95,87,,,,,,,,,,,,,61,31,37,73,66,37,,,,,,,,,,,,,,,,,,,35,76,29,,,,,,,,,,66,86,72,,,,,,,57,86,67,,,,46,42,26,,,,,,,,,,,,,,,,,,,,,,,,,,,,,,,100,70,62,100,85,62,,,,,,
5/25/17 0:20,5/25/17 0:27,36.179,,,,,,,,,,,,,,,,,,,81,100,70,,,,,,,5,5,25,,,,,,,,,,,,,,,,,,,,,,,,,,,,,,,26,15,37,,,,,,,14,74,25,,,,,,,20,59,29,,,,62,55,59,,,,22,59,14,5,5,9,,,,12,30,27,10,60,8,,,,,,,,,,,,
5/25/17 0:20,5/25/17 0:28,189.751,,,,26,46,61,,,,,,,43,60,48,76,40,55,,,,,,,51,51,53,33,62,52,,,,,,,,,,,,,,,,,,,,,,,,,,,,,,,,,,,,,74,46,57,,,,,,,,,,,,,,,,,,,,,,66,43,54,,,,,,,33,63,49,45,58,51,,,,,,,,,,74,57,43
5/25/17 0:26,5/25/17 0:31,135.67,91,81,85,,,,83,43,55,82,51,67,,,,,,,,,,38,28,26,,,,,,,,,,25,41,21,,,,,,,,,,35,26,37,,,,,,,,,,31,18,25,,,,,,,,,,,,,,,,,,,,,,,,,,,,31,19,27,,,,58,27,24,,,,,,,,,,86,79,84,,,,,,,,,
5/25/17 0:25,5/25/17 0:37,472.014,,,,,,,,,,51,51,0,,,,,,,52,53,0,,,,14,0,0,,,,,,,,,,,,,,,,,,,,,,,,,,,,,,,,,,,,,9,53,0,12,52,0,,,,0,51,0,19,82,0,7,69,0,,,,12,52,0,,,,,,,,,,15,53,0,,,,,,,,,,,,,,,,,,
5/25/17 0:36,5/25/17 0:40,167.219,26,44,53,,,,,,,,,,,,,,,,,,,,,,,,,19,35,27,,,,24,56,41,40,68,59,,,,,,,,,,,,,,,,,,,,,,,,,,,,,,,77,70,48,,,,,,,65,58,70,,,,66,73,51,,,,,,,,,,,,,44,66,61,,,,59,67,95,,,,,,,64,83,79
5/25/17 0:35,5/25/17 0:41,37.8,100,100,100,,,,49,49,15,,,,92,100,49,60,85,48,,,,,,,,,,,,,,,,,,,95,100,86,,,,,,,0,0,0,,,,,,,72,0,0,,,,,,,,,,,,,,,,,,,,,,50,50,20,,,,,,,,,,,,,,,,,,,18,89,37,,,,100,81,92,,,,,,,,,
5/25/17 0:33,5/25/17 0:50,64.078,,,,,,,,,,,,,,,,,,,,,,28,55,20,,,,60,45,56,,,,,,,,,,82,47,64,,,,,,,75,33,50,77,50,88,,,,58,28,79,48,37,66,,,,,,,,,,,,,,,,,,,39,63,28,,,,,,,,,,,,,72,86,36,,,,,,,,,,83,44,23,,,,,,
5/25/17 1:00,5/25/17 1:03,34.898,,,,,,,34,76,29,,,,,,,,,,,,,,,,45,43,49,33,61,44,,,,,,,,,,,,,60,54,49,51,59,60,,,,65,57,58,,,,,,,,,,,,,,,,,,,,,,,,,43,79,49,,,,,,,,,,,,,,,,65,51,56,,,,,,,,,,40,53,54,52,62,56,,,
5/25/17 1:00,5/25/17 1:03,21.951,,,,,,,,,,,,,,,,,,,2,51,2,25,53,3,,,,,,,,,,,,,,,,8,12,16,21,9,26,21,42,29,3,67,3,,,,2,11,2,18,10,32,,,,,,,,,,,,,,,,,,,,,,,,,,,,15,45,8,,,,,,,35,21,27,,,,,,,,,,,,,,,,,,
5/25/17 1:00,5/25/17 1:06,32.278,,,,,,,,,,,,,70,100,30,10,100,5,70,100,40,30,100,10,,,,,,,,,,0,10,0,,,,50,100,10,,,,,,,0,100,0,,,,,,,,,,,,,,,,,,,,,,,,,,,,,,,0,0,0,,,,70,100,50,70,100,50,,,,,,,,,,,,,,,,,,,,,,,,
5/25/17 1:01,5/25/17 1:06,40.804,35,55,25,40,58,28,,,,,,,,,,,,,,,,,,,,,,,,,,,,,,,,,,,,,,,,,,,,,,,,,9,7,7,,,,,,,5,10,7,18,40,16,2,1,5,,,,9,34,11,,,,,,,,,,,,,,,,,,,9,11,9,17,26,15,,,,,,,,,,,,,9,11,39
5/25/17 1:01,5/25/17 1:07,282.194,,,,50,48,79,,,,,,,,,,,,,42,54,38,73,65,60,,,,,,,,,,,,,,,,,,,,,,,,,,,,,,,,,,,,,65,56,62,,,,61,53,65,,,,62,49,65,,,,,,,47,47,68,,,,,,,,,,,,,,,,50,44,42,57,28,41,,,,,,,55,57,60,,,
5/25/17 1:03,5/25/17 1:09,66.417,,,,,,,75,80,60,,,,100,90,90,,,,,,,,,,,,,,,,20,40,60,,,,,,,,,,,,,60,90,20,20,10,1,,,,50,40,5,90,80,40,,,,30,15,1,,,,,,,,,,,,,80,60,60,,,,,,,,,,,,,,,,,,,,,,,,,90,80,50,,,,,,,,,
5/25/17 1:01,5/25/17 1:13,45.207,,,,,,,,,,50,50,1,,,,,,,,,,,,,,,,,,,50,66,30,,,,20,50,1,,,,,,,,,,,,,,,,,,,50,12,75,1,50,40,,,,,,,,,,1,50,9,,,,,,,,,,82,100,90,,,,,,,0,100,0,,,,,,,1,50,1,12,50,25,,,,,,,,,
5/25/17 1:05,5/25/17 1:14,67.365,,,,,,,,,,80,100,30,,,,,,,,,,,,,,,,,,,,,,9,100,51,,,,0,100,35,30,100,10,,,,,,,100,100,30,,,,,,,,,,,,,,,,50,100,30,,,,,,,,,,,,,,,,,,,80,100,10,0,0,0,,,,,,,,,,,,,10,100,30,,,,100,100,100
5/25/17 1:10,5/25/17 1:19,62.511,100,100,50,,,,,,,,,,,,,25,100,5,,,,,,,100,100,90,10,50,20,,,,,,,25,10,25,,,,,,,,,,,,,,,,,,,,,,,,,,,,,,,,,,,,,5,80,3,,,,10,40,5,90,25,70,75,100,30,,,,,,,,,,,,,,,,100,100,100,,,,,,,,,
5/25/17 1:32,5/25/17 1:36,21.576,,,,,,,,,,,,,,,,0,50,1,,,,,,,,,,,,,,,,,,,,,,,,,,,,2,1,1,1,51,1,,,,,,,,,,,,,,,,1,51,1,1,100,1,100,50,1,,,,1,1,1,,,,,,,,,,100,51,99,,,,1,1,1,,,,,,,,,,,,,100,0,100,,,
5/25/17 1:32,5/25/17 1:37,23.819,,,,,,,43,48,10,,,,83,95,51,,,,,,,,,,,,,,,,,,,10,90,5,,,,,,,,,,,,,,,,,,,,,,,,,39,22,39,18,50,10,,,,,,,,,,9,21,8,,,,,,,96,48,41,31,74,18,,,,,,,,,,,,,73,72,32,,,,88,73,49,,,,,,
5/25/17 1:32,5/25/17 1:37,23.46,73,91,67,67,91,61,,,,,,,,,,,,,82,96,62,80,83,49,75,89,57,21,71,6,70,80,49,,,,,,,,,,49,81,11,,,,,,,73,36,85,,,,,,,,,,,,,,,,,,,,,,,,,,,,,,,,,,,,,,,,72,82,14,,,,,,,,,,,,,,,,,,,,,
5/25/17 1:32,5/25/17 1:38,54.471,,,,,,,,,,65,74,39,,,,,,,,,,,,,,,,,,,,,,,,,26,21,30,31,20,45,,,,,,,,,,,,,4,1,1,20,18,41,69,83,64,,,,,,,,,,,,,,,,,,,,,,54,60,71,,,,,,,,,,,,,52,52,37,,,,,,,23,22,38,,,,13,8,60
5/25/17 1:36,5/25/17 1:38,23.142,,,,,,,,,,53,55,54,,,,,,,,,,,,,,,,,,,45,35,40,,,,,,,,,,27,34,37,,,,,,,,,,52,46,36,,,,,,,,,,,,,,,,49,45,51,,,,,,,,,,54,53,57,,,,50,45,45,53,39,43,,,,47,51,50,,,,40,47,37,,,,,,,,,
5/25/17 1:34,5/25/17 1:40,31.304,,,,,,,,,,71,93,62,68,72,78,75,51,78,51,54,81,55,55,55,51,50,90,,,,,,,51,51,68,,,,,,,,,,,,,,,,,,,,,,,,,,,,,,,,,,,,,,,,,,,,,,55,70,67,,,,,,,,,,,,,,,,,,,,,,78,78,79,,,,,,,50,60,62
5/25/17 1:33,5/25/17 1:41,63.359,,,,100,100,100,,,,,,,,,,,,,,,,,,,,,,,,,,,,,,,,,,0,0,0,,,,,,,,,,,,,0,0,0,0,51,0,,,,,,,0,55,20,,,,0,50,0,,,,0,50,0,,,,,,,0,0,0,,,,,,,,,,0,50,0,,,,,,,,,,0,5,0,,,
5/25/17 1:33,5/25/17 1:45,69.943,,,,,,,,,,,,,,,,,,,,,,,,,,,,30,40,30,20,80,20,,,,15,50,15,,,,20,50,20,,,,,,,,,,,,,,,,,,,,,,,,,52,90,52,,,,52,90,52,,,,,,,,,,,,,95,95,95,10,50,10,40,75,40,,,,30,75,30,,,,,,,,,,,,
5/25/17 1:33,5/25/17 1:51,29.631,89,97,61,,,,87,96,63,,,,,,,,,,,,,,,,,,,57,83,34,,,,,,,,,,,,,,,,70,93,61,0,20,4,32,77,6,,,,,,,,,,39,33,68,,,,,,,,,,0,69,0,,,,,,,,,,,,,,,,,,,66,11,2,,,,58,85,15,,,,,,,,,,,,
5/25/17 2:05,5/25/17 2:11,87.482,,,,70,72,20,,,,,,,,,,,,,,,,,,,4,5,3,,,,,,,13,6,13,81,93,50,,,,,,,,,,,,,,,,,,,62,30,67,,,,51,19,50,,,,71,71,40,50,25,36,,,,,,,,,,62,83,57,,,,,,,,,,,,,,,,29,62,18,,,,,,,,,,,,
5/25/17 2:07,5/25/17 2:12,48.788,,,,,,,76,75,78,,,,,,,,,,,,,29,41,39,,,,,,,,,,,,,,,,,,,,,,,,,,,,,,,,,,29,20,28,,,,,,,45,57,54,,,,,,,19,22,22,70,72,73,,,,,,,,,,,,,73,63,70,32,34,30,62,62,64,,,,,,,49,55,53,,,,,,
5/25/17 2:06,5/25/17 2:12,52.037,,,,,,,,,,,,,2,98,0,2,97,4,98,3,98,96,3,100,,,,,,,,,,,,,,,,,,,,,,2,0,100,,,,,,,,,,,,,54,3,53,,,,,,,,,,,,,,,,4,3,3,,,,,,,100,100,54,,,,,,,,,,,,,,,,,,,100,100,100,4,2,0,,,
5/25/17 2:06,5/25/17 2:14,43.662,,,,,,,,,,0,10,80,,,,100,100,100,,,,,,,0,90,0,,,,,,,,,,,,,0,20,80,,,,,,,,,,20,80,20,0,90,0,,,,,,,,,,,,,20,90,40,,,,,,,,,,,,,,,,0,100,0,,,,,,,,,,,,,,,,80,20,100,,,,0,90,20,,,
5/25/17 2:06,5/25/17 2:17,148.115,80,49,11,,,,,,,,,,52,53,53,,,,,,,,,,,,,20,40,40,79,78,73,,,,31,31,54,,,,,,,55,57,57,,,,,,,,,,,,,69,70,64,50,42,11,,,,,,,,,,,,,,,,72,72,28,,,,,,,71,71,72,,,,,,,,,,,,,,,,,,,,,,,,
5/25/17 2:09,5/25/17 2:18,50.298,,,,,,,,,,,,,,,,,,,,,,7,16,8,,,,,,,,,,,,,,,,,,,5,5,10,,,,,,,,,,6,7,30,5,6,49,7,29,19,,,,,,,1,51,18,,,,,,,,,,,,,,,,19,74,93,,,,9,29,7,,,,,,,82,82,47,1,28,51,,,,,,,,,
5/25/17 2:13,5/25/17 2:18,43.312,,,,,,,,,,,,,86,98,62,20,21,26,,,,,,,,,,,,,,,,8,11,10,,,,,,,,,,7,8,7,,,,,,,,,,,,,,,,,,,5,3,6,,,,,,,30,17,42,9,8,15,,,,,,,,,,,,,,,,28,45,29,2,3,6,,,,,,,91,97,88,,,,,,
5/25/17 2:19,5/25/17 2:25,30.742,,,,90,100,100,100,100,100,,,,,,,,,,,,,,,,0,40,10,0,20,5,,,,,,,,,,,,,,,,,,,0,0,0,5,15,0,,,,,,,,,,0,0,0,,,,,,,0,0,0,,,,,,,,,,,,,,,,50,75,100,,,,,,,,,,,,,,,,,,,,,,50,65,75
5/25/17 2:22,5/25/17 2:28,30.167,,,,65,40,80,,,,,,,,,,,,,30,40,60,,,,20,9,70,,,,,,,,,,5,40,60,,,,,,,,,,,,,,,,1,1,30,75,60,80,,,,,,,,,,1,1,70,,,,,,,,,,,,,,,,,,,75,75,90,60,40,75,,,,,,,,,,,,,,,,10,5,80,,,
5/25/17 2:38,5/25/17 2:42,21.848,,,,,,,,,,0,41,11,,,,50,100,0,100,100,0,,,,,,,,,,,,,,,,0,50,50,,,,,,,,,,0,0,0,,,,,,,,,,,,,,,,9,18,93,,,,,,,27,100,0,,,,,,,,,,,,,,,,,,,,,,,,,60,100,3,100,60,50,,,,0,0,0,,,
5/25/17 2:41,5/25/17 2:42,21.13,,,,,,,,,,,,,,,,50,50,51,,,,,,,,,,49,48,48,,,,,,,50,51,50,,,,51,51,50,,,,,,,,,,,,,50,50,50,,,,,,,,,,46,47,47,,,,,,,,,,,,,51,51,50,,,,50,50,51,,,,51,50,49,48,47,47,,,,,,,,,,,,,,,
5/25/17 2:41,5/25/17 2:43,86.67,57,48,53,,,,,,,,,,47,48,47,,,,,,,,,,,,,,,,,,,,,,,,,,,,,,,,,,,,,41,26,43,39,44,29,,,,47,46,46,49,48,47,,,,,,,,,,49,49,50,,,,40,41,42,,,,,,,,,,,,,50,50,51,,,,,,,,,,29,48,29,,,,,,
5/25/17 2:39,5/25/17 2:43,24.259,30,60,18,,,,,,,,,,,,,,,,,,,3,3,3,,,,,,,,,,80,100,50,,,,,,,,,,41,47,43,,,,,,,,,,,,,83,40,80,,,,,,,,,,,,,,,,63,36,62,50,53,53,21,46,28,49,56,60,,,,,,,19,30,17,,,,,,,,,,,,,,,,,,
5/25/17 2:39,5/25/17 2:43,106.942,98,99,99,99,100,100,,,,,,,,,,,,,,,,,,,,,,,,,,,,,,,,,,,,,,,,92,92,90,,,,77,78,78,,,,,,,75,74,74,,,,81,81,81,,,,,,,,,,,,,62,64,65,,,,,,,,,,,,,,,,,,,,,,97,98,99,99,100,100,1,1,1,,,
5/25/17 2:43,5/25/17 2:44,22.417,,,,,,,,,,,,,,,,55,97,81,42,71,62,,,,44,32,65,,,,57,75,66,,,,,,,,,,70,59,48,,,,,,,,,,57,83,64,,,,,,,,,,83,60,60,,,,50,80,69,,,,,,,,,,66,78,73,,,,,,,,,,,,,51,48,77,,,,,,,,,,,,,,,
5/25/17 2:39,5/25/17 2:45,22.745,,,,,,,45,86,23,,,,72,100,20,,,,,,,,,,,,,,,,71,95,57,,,,,,,30,85,38,65,95,19,,,,,,,18,50,5,,,,,,,,,,14,26,6,,,,,,,25,50,59,,,,,,,,,,,,,,,,,,,,,,,,,,,,,,,,,,31,66,51,,,,44,91,33
5/25/17 2:40,5/25/17 2:49,36.475,,,,,,,99,90,50,70,75,70,,,,,,,75,60,70,15,50,15,,,,1,50,1,,,,,,,,,,1,50,1,,,,,,,,,,,,,,,,5,50,10,,,,,,,,,,50,50,50,,,,,,,,,,,,,,,,,,,,,,,,,,,,1,50,2,,,,,,,,,,,,,60,55,55
5/25/17 2:44,5/25/17 2:51,23.862,,,,,,,60,50,80,60,40,50,,,,,,,,,,,,,,,,,,,,,,40,51,52,,,,50,71,40,,,,61,48,52,,,,,,,,,,,,,,,,10,20,0,,,,,,,,,,,,,,,,,,,,,,,,,71,53,41,80,40,30,,,,,,,,,,,,,,,,60,50,50,34,60,50
5/25/17 3:13,5/25/17 3:16,23.184,68,78,61,61,65,57,,,,,,,,,,,,,,,,,,,70,64,74,60,58,56,57,100,100,,,,70,65,75,60,60,59,,,,,,,57,59,56,,,,,,,,,,,,,,,,,,,,,,,,,,,,,,,,,,,,,,,,,,,66,65,66,,,,,,,,,,,,,,,,38,35,23,,,
5/25/17 3:14,5/25/17 3:16,31.677,,,,,,,,,,,,,,,,,,,,,,,,,,,,,,,,,,,,,,,,,,,18,16,17,11,60,62,,,,,,,,,,54,50,47,,,,,,,,,,,,,46,43,50,49,50,47,,,,47,47,49,5,6,6,,,,14,68,67,43,46,42,12,49,48,,,,,,,,,,,,,,,,,,
5/25/17 3:14,5/25/17 3:20,29.95,,,,,,,,,,,,,58,51,48,,,,,,,68,54,62,69,60,67,,,,,,,41,72,54,,,,67,61,65,,,,,,,62,52,63,,,,,,,,,,,,,62,50,61,,,,,,,,,,,,,,,,,,,,,,,,,,,,,,,,,,,,,,,,,,,70,56,75,73,65,73,45,60,50
5/25/17 3:16,5/25/17 3:20,37.632,,,,,,,95,86,57,,,,,,,35,65,76,,,,42,72,71,,,,,,,25,70,89,,,,,,,,,,,,,,,,,,,,,,,,,,,,50,54,70,,,,62,66,82,,,,,,,,,,19,34,80,,,,,,,67,83,34,,,,,,,,,,,,,42,80,53,84,83,62,,,,,,,,,
5/25/17 3:12,5/25/17 3:20,35.368,,,,,,,,,,80,90,10,,,,,,,100,20,20,,,,,,,,,,,,,,,,,,,,,,,,,,,,,,,,,,0,90,0,,,,,,,,,,,,,0,100,0,,,,0,100,10,10,100,10,,,,,,,10,70,0,,,,,,,10,100,10,,,,70,60,20,,,,70,100,50,,,,,,
5/25/17 3:13,5/25/17 3:21,26.557,,,,,,,,,,,,,93,100,20,39,100,0,,,,,,,,,,,,,,,,,,,,,,,,,,,,65,100,12,,,,34,76,52,,,,29,51,42,,,,15,75,21,29,82,37,,,,0,72,0,,,,,,,51,77,22,,,,,,,82,100,9,,,,,,,,,,,,,,,,,,,,,,,,
5/25/17 3:12,5/25/17 3:21,46.025,66,88,81,,,,70,89,90,,,,,,,,,,,,,,,,,,,72,92,82,,,,30,47,26,,,,,,,87,87,88,,,,,,,,,,,,,,,,50,66,58,,,,,,,,,,,,,,,,,,,,,,71,83,84,,,,,,,,,,,,,40,63,34,,,,72,92,92,,,,,,,62,84,66
5/25/17 3:19,5/25/17 3:22,32.594,,,,49,68,35,,,,67,52,27,,,,,,,83,66,71,,,,,,,,,,,,,,,,81,67,78,,,,,,,,,,,,,79,66,77,77,61,73,,,,66,49,39,,,,,,,71,64,76,,,,,,,,,,,,,,,,,,,,,,,,,,,,69,49,38,68,29,59,,,,,,,,,,,,
5/25/17 3:28,5/25/17 3:33,22.556,,,,100,42,56,100,100,95,,,,100,100,15,,,,,,,,,,61,80,29,,,,,,,,,,,,,,,,,,,,,,6,3,1,,,,,,,,,,,,,,,,,,,,,,13,93,1,35,100,26,18,95,8,,,,100,100,85,,,,,,,,,,18,91,13,,,,,,,,,,,,,,,,,,
5/25/17 3:43,5/25/17 3:44,31.803,,,,,,,,,,,,,,,,45,67,55,,,,43,64,54,,,,20,59,45,56,70,47,71,45,29,,,,,,,,,,,,,,,,42,58,49,68,43,48,,,,,,,,,,,,,,,,,,,,,,,,,,,,,,,,,,59,50,74,43,53,50,,,,62,52,55,,,,,,,,,,,,,,,
5/25/17 3:43,5/25/17 3:46,26.016,,,,,,,,,,97,100,19,,,,,,,100,100,14,,,,,,,48,48,62,75,98,30,58,4,5,,,,,,,,,,,,,,,,,,,,,,27,28,66,,,,49,24,81,,,,,,,,,,,,,,,,,,,,,,,,,37,29,68,,,,,,,86,100,33,,,,,,,,,,50,50,72,,,
5/25/17 3:45,5/25/17 3:50,38.842,100,100,100,100,100,100,,,,,,,,,,50,30,20,100,100,100,,,,,,,,,,,,,,,,40,70,10,,,,50,30,70,25,35,75,,,,,,,,,,,,,91,93,98,,,,,,,,,,,,,,,,,,,,,,,,,8,30,20,,,,,,,,,,,,,,,,,,,100,99,80,,,,,,
5/25/17 3:44,5/25/17 3:51,61.068,95,20,5,,,,,,,,,,,,,,,,,,,,,,,,,,,,,,,,,,80,90,75,30,20,50,40,10,30,,,,,,,,,,,,,,,,,,,,,,75,70,65,30,5,15,,,,,,,,,,70,45,85,,,,10,5,0,,,,,,,,,,,,,,,,80,90,80,,,,,,,80,70,85
5/25/17 3:45,5/25/17 3:52,252.329,,,,,,,,,,33,56,64,,,,,,,,,,51,54,98,57,53,58,,,,,,,40,40,79,,,,,,,76,76,87,,,,,,,,,,,,,,,,,,,,,,37,37,91,71,71,38,,,,73,89,50,,,,,,,,,,,,,,,,,,,,,,,,,43,45,92,,,,,,,30,29,88,,,
5/25/17 3:47,5/25/17 3:53,48.054,,,,,,,90,90,90,90,50,10,,,,,,,,,,,,,,,,,,,,,,,,,,,,50,70,40,,,,20,70,30,,,,,,,,,,90,90,50,,,,,,,,,,,,,15,50,10,,,,50,50,25,15,15,10,,,,,,,,,,,,,,,,,,,70,90,50,90,90,90,,,,,,,,,
5/25/17 4:01,5/25/17 4:03,23.147,,,,62,77,24,,,,,,,45,86,6,62,52,57,63,56,34,,,,,,,,,,,,,,,,,,,81,81,72,,,,,,,7,81,5,,,,,,,,,,75,67,76,,,,,,,,,,,,,,,,86,77,73,,,,,,,,,,,,,,,,43,73,24,63,75,15,,,,,,,,,,,,,,,
5/25/17 4:24,5/25/17 4:25,23.646,69,62,58,,,,71,60,61,,,,,,,64,71,58,74,64,59,,,,,,,,,,60,43,55,,,,,,,,,,,,,,,,,,,,,,70,59,55,70,57,62,,,,,,,,,,67,55,55,,,,,,,,,,,,,,,,,,,67,55,61,,,,,,,65,55,67,,,,,,,,,,,,,,,
5/25/17 4:24,5/25/17 4:27,49.5,100,100,100,,,,,,,,,,,,,,,,,,,,,,,,,29,39,26,,,,15,1,6,32,55,50,,,,,,,,,,,,,,,,,,,,,,9,8,8,70,74,68,,,,,,,,,,,,,,,,,,,,,,76,62,68,75,55,59,,,,,,,,,,,,,77,59,67,,,,12,13,15,,,
5/25/17 4:22,5/25/17 4:29,92.816,,,,,,,,,,31,20,27,,,,,,,,,,,,,13,18,9,,,,,,,,,,,,,,,,,,,,,,3,1,1,22,19,29,1,1,6,,,,,,,,,,10,4,7,6,9,20,19,19,19,5,5,5,,,,,,,,,,,,,,,,,,,,,,,,,16,16,23,,,,,,,,,,,,
5/25/17 4:27,5/25/17 4:30,43.046,,,,27,23,27,,,,,,,,,,,,,24,33,29,,,,,,,,,,55,47,42,,,,,,,47,44,47,,,,,,,,,,,,,,,,19,17,17,,,,,,,27,25,24,,,,,,,,,,50,62,39,,,,,,,,,,,,,28,26,28,,,,,,,,,,35,43,25,,,,,,,44,54,38
5/25/17 4:23,5/25/17 4:30,22.062,,,,,,,,,,,,,,,,,,,,,,,,,19,66,18,,,,,,,,,,12,94,6,,,,,,,,,,,,,24,87,62,,,,,,,,,,,,,40,89,88,,,,,,,,,,,,,,,,49,55,45,13,87,8,,,,49,51,75,,,,,,,,,,18,81,82,90,99,11,21,15,12,,,
5/25/17 4:26,5/25/17 4:30,23.395,,,,,,,,,,,,,75,70,47,,,,,,,42,73,8,,,,,,,40,62,22,,,,,,,58,53,47,30,48,18,60,75,39,,,,,,,,,,,,,,,,,,,,,,,,,,,,,,,,,,28,39,27,30,100,38,,,,,,,,,,30,41,15,,,,,,,,,,50,100,22,,,,,,
5/25/17 4:28,5/25/17 4:31,30.795,2,0,0,,,,,,,,,,0,0,22,,,,,,,,,,0,0,76,,,,,,,2,2,72,,,,,,,,,,2,2,30,,,,,,,,,,,,,,,,,,,,,,,,,,,,0,0,0,,,,0,0,0,,,,2,0,61,,,,,,,,,,0,0,17,,,,,,,,,,0,0,0,,,
5/25/17 4:27,5/25/17 4:32,23.082,,,,,,,,,,56,52,46,,,,,,,,,,34,36,37,,,,64,66,59,,,,,,,29,31,26,,,,,,,,,,,,,,,,41,47,39,,,,40,45,39,,,,,,,43,45,48,28,24,24,,,,58,63,53,,,,,,,,,,,,,,,,58,52,56,,,,,,,,,,,,,,,,,,
5/25/17 4:35,5/25/17 4:44,64.345,,,,100,100,20,100,100,0,,,,,,,51,70,0,,,,,,,,,,,,,,,,,,,,,,,,,,,,,,,,,,,,,,,,,,,,,,30,20,0,,,,,,,,,,,,,,,,,,,50,35,74,,,,100,100,50,0,0,0,,,,,,,70,80,50,,,,100,100,85,,,,100,100,35
5/25/17 4:54,5/25/17 4:59,36.474,,,,,,,,,,47,95,100,,,,,,,17,85,99,90,100,100,,,,,,,,,,8,82,99,,,,,,,64,96,100,,,,74,91,96,69,95,98,,,,,,,,,,,,,,,,51,98,100,,,,,,,,,,,,,,,,,,,,,,41,99,100,,,,,,,,,,,,,,,,3,3,100,,,
5/25/17 4:55,5/25/17 5:00,61.609,,,,,,,,,,,,,,,,30,30,27,,,,,,,,,,,,,,,,,,,52,85,42,16,80,67,,,,,,,,,,,,,,,,44,57,31,6,6,6,,,,4,27,25,,,,16,44,53,,,,28,77,42,1,7,77,,,,,,,,,,,,,22,46,29,,,,,,,,,,,,,,,,,,
5/25/17 4:55,5/25/17 5:02,45.462,81,97,78,80,96,83,,,,,,,,,,,,,,,,,,,,,,34,52,40,,,,,,,,,,,,,61,85,67,43,70,27,49,40,30,52,72,62,,,,,,,,,,47,39,17,,,,,,,,,,,,,,,,,,,,,,,,,54,79,64,,,,,,,,,,,,,,,,66,80,65,,,,,,
5/25/17 4:55,5/25/17 5:02,95.768,,,,,,,,,,,,,,,,60,71,30,,,,,,,,,,,,,100,100,100,,,,49,71,40,,,,,,,,,,,,,,,,60,41,72,39,61,49,73,62,100,,,,81,83,100,,,,,,,,,,,,,40,40,69,,,,81,100,94,,,,,,,,,,,,,,,,,,,,,,,,,100,100,94
5/25/17 4:56,5/25/17 5:04,47.354,,,,,,,,,,,,,20,92,5,,,,,,,26,50,58,8,78,5,,,,,,,,,,,,,61,4,54,8,82,6,,,,,,,,,,,,,,,,,,,,,,,,,,,,,,,,,,10,57,5,,,,,,,,,,70,23,49,,,,,,,,,,,,,25,62,16,62,48,25,9,8,6,,,
5/25/17 4:56,5/25/17 5:06,51.841,,,,89,50,76,,,,,,,70,80,60,,,,100,50,76,,,,,,,,,,,,,0,0,0,,,,,,,,,,80,61,70,,,,40,30,30,,,,,,,,,,,,,,,,60,45,45,,,,,,,,,,,,,80,70,80,,,,,,,,,,19,72,15,29,80,30,,,,,,,,,,,,,,,
5/25/17 5:00,5/25/17 5:06,58.238,93,17,67,89,90,78,88,15,28,,,,,,,,,,91,93,86,,,,,,,,,,,,,,,,,,,,,,,,,,,,,,,,,,,,,3,42,3,,,,11,10,5,6,59,17,,,,,,,,,,,,,,,,99,74,87,,,,,,,,,,,,,3,72,5,,,,,,,,,,,,,8,82,41
5/25/17 4:55,5/25/17 5:11,187.415,20,10,20,,,,20,20,10,50,50,35,,,,,,,,,,,,,,,,0,0,0,70,70,40,,,,,,,,,,,,,,,,0,75,20,,,,,,,,,,,,,,,,,,,,,,10,90,20,0,0,0,,,,,,,,,,,,,,,,0,0,0,,,,,,,0,50,20,,,,,,,,,,,,
5/25/17 5:28,5/25/17 5:31,23.637,,,,,,,3,4,7,,,,,,,,,,,,,5,6,8,3,4,4,,,,,,,,,,1,1,2,4,5,5,,,,,,,,,,,,,,,,,,,,,,,,,4,5,7,,,,,,,4,4,5,,,,2,3,4,,,,4,4,4,,,,,,,,,,,,,,,,,,,,,,4,5,4,,,
5/25/17 5:27,5/25/17 5:31,24.878,,,,,,,,,,,,,1,81,1,,,,,,,,,,,,,,,,,,,19,24,1,,,,,,,,,,,,,,,,51,61,84,10,19,3,,,,,,,11,20,1,,,,,,,,,,6,49,27,,,,,,,,,,,,,,,,1,1,1,,,,,,,,,,62,76,77,35,53,31,2,1,1,,,
5/25/17 5:28,5/25/17 5:33,22.105,,,,,,,,,,,,,72,63,64,,,,,,,,,,,,,,,,,,,72,50,40,,,,,,,,,,,,,20,16,8,,,,,,,,,,,,,,,,,,,,,,50,56,49,,,,49,45,50,,,,61,39,39,72,62,55,,,,,,,,,,40,51,43,72,51,55,,,,57,64,55,,,,,,
5/25/17 5:27,5/25/17 5:34,24.998,,,,,,,,,,67,83,12,,,,4,9,6,,,,18,63,15,,,,31,11,5,,,,,,,,,,,,,,,,,,,31,21,15,,,,,,,,,,,,,,,,,,,9,10,8,,,,,,,16,17,53,65,74,21,,,,,,,,,,,,,5,15,12,,,,18,58,65,,,,,,,,,,,,
5/25/17 5:29,5/25/17 5:34,25.436,55,65,35,,,,,,,,,,,,,,,,,,,,,,,,,,,,64,80,55,15,58,7,,,,,,,10,45,5,,,,,,,,,,,,,,,,31,72,26,,,,,,,,,,,,,10,31,8,,,,41,34,11,,,,40,74,45,,,,,,,,,,,,,,,,,,,,,,20,79,16,60,84,58
5/25/17 5:28,5/25/17 5:35,24.207,65,80,90,,,,,,,,,,,,,,,,100,0,100,,,,,,,,,,40,40,50,,,,,,,10,90,5,30,30,40,25,65,33,,,,,,,,,,,,,,,,,,,,,,10,16,10,,,,,,,,,,,,,,,,,,,,,,5,5,5,,,,,,,,,,15,60,10,,,,,,,10,40,10
5/25/17 5:29,5/25/17 5:35,39.895,,,,98,98,98,,,,57,57,50,,,,45,45,51,,,,,,,50,53,57,,,,,,,,,,,,,,,,,,,,,,,,,47,47,28,45,58,33,48,50,50,60,70,50,42,43,14,,,,,,,,,,,,,,,,,,,,,,,,,60,69,52,,,,,,,,,,,,,,,,,,,,,,,,
5/25/17 5:44,5/25/17 5:51,322.291,,,,,,,76,84,74,,,,,,,,,,,,,84,91,90,,,,,,,,,,,,,,,,,,,,,,,,,83,89,89,,,,89,90,89,,,,,,,,,,,,,77,87,78,,,,,,,,,,,,,90,92,92,,,,,,,80,79,76,,,,82,87,83,,,,83,90,90,87,92,88,,,,,,
5/25/17 5:59,5/25/17 6:04,75.534,,,,100,100,30,,,,,,,,,,,,,,,,,,,,,,,,,,,,72,97,50,8,23,2,79,89,9,,,,,,,,,,36,64,13,,,,27,44,5,,,,19,76,9,39,87,5,,,,,,,,,,8,58,5,,,,,,,,,,,,,,,,,,,,,,58,56,26,,,,,,,,,,,,
5/25/17 6:07,5/25/17 6:11,21.417,,,,,,,,,,50,75,40,,,,,,,,,,,,,,,,,,,50,75,30,,,,,,,20,50,10,,,,,,,,,,,,,,,,30,50,10,5,15,0,,,,50,50,30,,,,,,,,,,,,,,,,100,100,100,,,,,,,25,50,10,,,,,,,,,,50,100,50,,,,25,25,0,,,
5/25/17 6:07,5/25/17 6:11,27.273,75,41,28,,,,,,,,,,50,80,25,,,,,,,,,,86,45,58,,,,,,,,,,45,80,7,,,,,,,10,90,44,,,,15,50,64,31,55,43,,,,,,,,,,,,,,,,80,25,64,,,,,,,65,62,84,,,,,,,,,,,,,,,,,,,,,,,,,88,31,59,,,,,,
5/25/17 6:10,5/25/17 6:12,26.568,57,46,37,,,,,,,,,,,,,63,56,44,,,,,,,,,,,,,,,,,,,,,,,,,,,,,,,,,,,,,,,,,,,,,,,,,,,,,,,,,,63,54,46,,,,57,65,45,60,66,48,70,59,47,,,,65,51,42,,,,,,,47,56,43,63,55,41,,,,55,45,40,,,
5/25/17 6:07,5/25/17 6:14,58.822,,,,85,90,75,100,85,100,,,,,,,,,,80,90,95,,,,,,,,,,,,,,,,,,,,,,70,60,95,,,,10,80,5,,,,,,,,,,,,,,,,,,,20,85,60,40,20,70,,,,,,,,,,,,,30,45,60,90,80,65,,,,,,,,,,90,95,90,,,,,,,,,,,,
5/25/17 6:09,5/25/17 6:20,72.046,,,,,,,95,83,35,69,79,29,,,,,,,80,91,98,,,,,,,,,,,,,9,10,5,34,91,28,60,75,87,,,,,,,,,,,,,38,24,17,,,,46,63,71,,,,,,,,,,,,,,,,,,,,,,,,,,,,,,,,,,81,35,63,,,,,,,,,,,,,,,,65,67,48
5/25/17 6:17,5/25/17 6:21,24.344,71,61,40,55,90,18,,,,,,,,,,30,92,17,,,,66,91,54,,,,,,,,,,,,,,,,,,,,,,81,95,42,,,,77,88,35,,,,,,,,,,,,,20,82,29,,,,,,,,,,,,,,,,,,,,,,,,,,,,,,,50,80,37,,,,30,91,19,61,91,48,,,,,,
5/25/17 6:07,5/25/17 6:24,721.316,,,,,,,,,,,,,,,,,,,,,,,,,,,,,,,46,80,63,,,,93,93,76,46,57,48,64,83,94,,,,,,,,,,,,,,,,,,,,,,,,,,,,28,24,4,,,,,,,,,,,,,,,,,,,,,,,,,32,33,34,52,69,51,,,,93,99,100,12,12,11,100,100,100
5/25/17 6:26,5/25/17 6:31,26.81,,,,,,,,,,40,70,45,,,,,,,,,,60,55,55,55,45,35,5,15,15,,,,,,,,,,,,,,,,80,70,50,25,20,10,,,,20,20,15,15,20,15,30,25,20,,,,,,,,,,,,,,,,,,,,,,,,,,,,75,65,50,,,,,,,,,,,,,,,,,,,,,,,,
5/25/17 6:43,5/25/17 6:49,22.299,,,,,,,6,100,5,,,,90,68,46,,,,90,84,80,,,,,,,,,,,,,,,,,,,,,,,,,,,,,,,59,38,54,,,,,,,,,,,,,76,62,48,3,100,13,,,,,,,33,38,28,,,,79,19,58,,,,,,,42,77,67,72,30,77,,,,,,,,,,,,,,,,,,
5/25/17 6:45,5/25/17 6:49,50.063,100,100,100,,,,,,,,,,,,,,,,,,,100,100,100,,,,18,10,13,100,100,100,,,,,,,31,80,3,23,21,9,,,,,,,,,,,,,,,,,,,49,34,15,,,,,,,94,100,100,,,,,,,,,,,,,,,,,,,,,,56,100,7,16,100,83,,,,,,,,,,,,,,,
5/25/17 6:45,5/25/17 6:50,91.092,,,,,,,49,66,50,,,,,,,17,91,23,,,,,,,,,,,,,,,,,,,,,,,,,,,,63,47,60,,,,57,26,59,,,,80,35,70,,,,,,,,,,,,,,,,,,,,,,62,31,62,,,,,,,51,62,37,,,,,,,,,,,,,52,80,56,,,,31,10,34,74,62,79
5/25/17 6:46,5/25/17 6:50,37.384,,,,,,,,,,39,11,85,,,,,,,,,,,,,2,6,4,,,,,,,9,35,12,,,,,,,,,,,,,,,,,,,,,,,,,,,,19,76,8,,,,29,91,12,,,,30,87,56,,,,46,88,16,,,,28,64,88,,,,80,53,90,,,,,,,,,,,,,69,17,88,,,,,,
5/25/17 6:57,5/25/17 6:59,21.845,,,,41,33,34,,,,,,,24,29,25,25,30,30,,,,,,,6,3,6,,,,,,,,,,20,20,13,,,,,,,20,39,40,,,,,,,,,,,,,,,,,,,56,90,36,,,,,,,,,,,,,,,,72,59,63,,,,,,,,,,54,81,59,,,,,,,,,,,,,,,,45,41,45
5/25/17 6:57,5/25/17 7:02,74.791,,,,,,,,,,,,,,,,,,,,,,67,87,73,,,,,,,,,,,,,,,,9,62,28,75,75,73,,,,,,,,,,,,,,,,,,,,,,,,,,,,28,38,35,52,49,58,,,,21,20,37,,,,45,41,27,,,,51,51,49,,,,40,38,34,,,,53,79,25,,,,,,,,,
5/25/17 6:52,5/25/17 7:03,36.201,,,,,,,,,,,,,100,100,100,,,,80,100,50,,,,,,,,,,,,,24,11,54,,,,,,,,,,,,,,,,,,,0,0,0,,,,30,45,50,,,,,,,,,,,,,0,0,0,0,0,28,,,,87,81,94,30,69,20,,,,,,,,,,,,,92,93,77,,,,,,,,,,,,
5/25/17 6:56,5/25/17 7:03,77.028,10,98,4,,,,,,,100,100,90,,,,,,,,,,,,,,,,80,91,10,,,,80,99,6,,,,,,,,,,,,,19,30,5,,,,,,,50,80,10,,,,51,90,10,,,,60,91,10,,,,,,,50,70,10,,,,,,,,,,,,,,,,,,,,,,91,100,50,,,,,,,,,,,,
5/25/17 7:02,5/25/17 7:07,26.002,,,,,,,10,23,35,39,25,58,,,,,,,,,,,,,,,,,,,,,,12,8,8,,,,,,,,,,11,27,1,,,,,,,,,,,,,14,26,47,,,,60,57,77,,,,,,,9,40,25,,,,,,,,,,,,,9,40,60,,,,,,,,,,,,,,,,,,,4,5,4,28,40,61
5/25/17 7:16,5/25/17 7:21,43.047,,,,,,,,,,,,,,,,10,75,69,,,,,,,8,62,8,17,72,80,,,,,,,,,,,,,59,83,87,,,,34,46,44,50,73,86,17,63,76,70,96,95,,,,,,,,,,,,,11,41,61,,,,,,,,,,,,,,,,,,,,,,,,,,,,20,95,98,,,,,,,,,,,,
5/25/17 7:18,5/25/17 7:22,22.656,80,71,81,,,,,,,,,,,,,,,,,,,,,,,,,,,,76,90,77,,,,,,,35,53,49,,,,,,,,,,,,,,,,,,,,,,,,,,,,34,41,41,,,,,,,,,,,,,92,74,29,27,22,28,92,79,82,51,80,78,77,70,70,,,,,,,,,,89,75,77,,,,,,
5/25/17 7:23,5/25/17 7:26,26.231,,,,89,96,92,,,,85,96,90,,,,,,,95,99,92,,,,,,,,,,,,,,,,,,,,,,,,,,,,,,,,,,61,36,70,68,83,82,,,,,,,,,,,,,59,83,80,,,,,,,,,,96,91,97,,,,,,,,,,17,55,7,,,,60,89,78,93,97,94,,,,,,,,,
5/25/17 7:16,5/25/17 7:30,30.293,,,,,,,70,68,63,,,,,,,,,,54,51,50,38,45,37,,,,,,,,,,,,,58,52,47,,,,,,,,,,,,,,,,,,,,,,,,,54,52,45,,,,,,,,,,,,,72,59,72,69,67,57,,,,,,,,,,,,,,,,65,75,63,,,,70,63,66,,,,56,49,46,,,
5/25/17 7:32,5/25/17 7:35,30.236,,,,,,,,,,,,,,,,,,,,,,,,,,,,,,,,,,,,,17,59,63,76,97,54,,,,,,,75,77,57,,,,,,,,,,58,58,21,,,,39,33,33,,,,,,,,,,,,,,,,,,,26,40,30,41,40,49,27,59,59,,,,36,51,44,,,,,,,,,,71,75,58,,,
5/25/17 7:39,5/25/17 7:41,24.21,,,,,,,,,,,,,87,87,46,,,,73,75,83,,,,47,48,47,9,3,3,,,,,,,,,,,,,,,,68,44,49,28,33,35,,,,,,,,,,76,34,70,70,36,53,,,,,,,,,,40,30,54,,,,59,30,29,,,,,,,,,,,,,,,,,,,,,,,,,,,,,,,,,
5/25/17 8:00,5/25/17 8:04,34.459,100,100,25,,,,,,,0,86,6,,,,,,,,,,,,,,,,15,91,13,,,,16,97,4,,,,,,,,,,,,,,,,,,,,,,51,25,70,,,,,,,,,,,,,,,,,,,21,63,11,,,,,,,93,100,0,,,,,,,,,,6,90,4,,,,81,97,34,100,100,49,,,,,,
5/25/17 8:05,5/25/17 8:06,21.045,,,,,,,,,,51,64,63,44,43,34,,,,,,,,,,,,,,,,37,40,35,42,42,37,70,59,60,,,,69,74,45,,,,,,,45,53,33,,,,,,,,,,,,,69,59,65,,,,,,,,,,,,,,,,,,,,,,65,63,51,,,,,,,,,,60,51,69,,,,,,,,,,,,
5/25/17 8:10,5/25/17 8:11,22.806,,,,,,,53,59,61,,,,,,,,,,62,79,81,,,,,,,68,59,63,,,,,,,,,,,,,,,,,,,,,,59,62,62,62,66,64,,,,,,,,,,,,,,,,66,61,62,40,38,31,76,65,75,,,,,,,,,,69,65,64,,,,,,,,,,,,,,,,,,,80,73,70,,,
5/25/17 8:09,5/25/17 8:13,33.313,,,,,,,,,,,,,80,79,75,,,,,,,,,,,,,82,82,70,100,100,100,,,,,,,,,,,,,,,,10,31,20,,,,,,,90,70,85,,,,90,50,73,100,96,70,81,42,63,,,,,,,,,,,,,,,,,,,100,100,100,,,,,,,,,,,,,100,96,100,,,,,,,,,
5/25/17 8:09,5/25/17 8:14,27.128,,,,,,,24,46,32,,,,,,,,,,50,69,50,,,,16,24,15,,,,,,,,,,,,,,,,,,,,,,,,,,,,,,,,,,54,72,27,,,,,,,,,,,,,,,,36,32,40,,,,45,39,48,,,,,,,62,73,29,37,30,43,,,,,,,,,,70,79,49,,,,83,80,13
5/25/17 8:09,5/25/17 8:14,22.091,100,51,100,100,100,100,,,,100,100,100,,,,,,,,,,2,2,2,,,,,,,,,,,,,,,,51,100,50,,,,,,,,,,,,,5,10,8,,,,,,,,,,,,,,,,20,44,21,10,52,10,,,,5,1,5,,,,,,,,,,,,,,,,,,,5,100,5,,,,,,,,,,,,
5/25/17 8:09,5/25/17 8:16,36.675,,,,,,,,,,,,,,,,61,72,23,,,,,,,,,,,,,,,,,,,58,44,39,,,,83,55,41,90,96,7,,,,31,2,79,,,,,,,56,63,48,,,,,,,,,,,,,,,,,,,,,,,,,17,6,92,,,,,,,,,,32,15,48,,,,,,,100,91,25,4,3,79,,,
5/25/17 8:16,5/25/17 8:23,36.606,100,100,51,100,100,44,,,,,,,,,,91,91,44,,,,,,,80,94,44,,,,,,,,,,,,,,,,,,,76,86,45,,,,,,,,,,,,,,,,,,,91,100,51,100,90,50,,,,,,,,,,,,,,,,,,,,,,71,76,42,,,,80,86,50,,,,,,,,,,,,,91,91,60
5/25/17 8:19,5/25/17 8:26,55.119,,,,,,,,,,,,,52,1,12,,,,,,,,,,,,,,,,,,,0,0,0,,,,,,,16,68,21,,,,0,1,1,,,,,,,0,57,53,,,,0,41,1,,,,,,,,,,,,,,,,1,1,0,64,66,52,,,,,,,,,,10,72,17,,,,1,61,57,,,,,,,,,,,,
5/25/17 8:34,5/25/17 8:36,31.066,,,,,,,,,,77,58,71,,,,,,,,,,100,79,61,66,80,69,,,,65,75,74,,,,82,65,60,73,64,69,,,,,,,73,74,73,,,,,,,,,,,,,,,,,,,,,,,,,,,,,,,,,,,,,76,67,80,,,,,,,,,,,,,,,,81,70,65,,,,,,,77,72,67
5/25/17 8:52,5/25/17 8:56,87.931,,,,,,,,,,32,42,11,,,,,,,,,,1,1,2,,,,,,,,,,,,,1,33,1,,,,,,,,,,,,,22,61,43,18,53,21,10,49,12,6,53,8,,,,,,,,,,,,,13,52,14,,,,,,,,,,,,,,,,,,,11,32,12,,,,,,,,,,50,76,52,,,,,,
5/25/17 8:53,5/25/17 8:59,23.486,100,100,100,,,,,,,,,,,,,,,,,,,,,,,,,100,100,100,70,70,40,,,,,,,10,30,0,,,,50,80,25,,,,,,,,,,,,,,,,50,0,70,,,,,,,,,,,,,50,100,70,85,50,74,,,,,,,,,,70,100,70,,,,0,25,0,,,,,,,,,,,,,,,
